{"start": 1663217706.0654182, "end": 1663366119.5926826}