{"start": 1662340233.2962687, "end": 1662480987.9467676}