{"start": 1662105414.7448473, "end": 1662246609.2190998}